{
  "optimal_thresholds": [
    0.7,
    0.65,
    0.7,
    0.7,
    0.65,
    0.65,
    0.7,
    0.7
  ],
  "label_names": [
    "Limitation of liability",
    "Unilateral termination",
    "Unilateral change",
    "Content removal",
    "Contract by using",
    "Choice of law",
    "Jurisdiction",
    "Arbitration"
  ],
  "baseline_metrics": {
    "macro_f1": 0.6857660322785663,
    "macro_precision": 0.6027812216954385,
    "macro_recall": 0.838218757072447
  },
  "optimized_metrics": {
    "macro_f1": 0.7615988808977641,
    "macro_precision": 0.7202718334297282,
    "macro_recall": 0.8349292833882365
  },
  "improvement": {
    "macro_f1": 0.07583284861919781,
    "macro_precision": 0.11749061173428976,
    "macro_recall": -0.003289473684210509
  }
}